<records>
<record>
<user_id>USR110</user_id>
<song_id>SNG207</song_id>
<artist_id>ART301</artist_id>
<timestamp>2019-03-17 10:38:09</timestamp>
<start_ts>2019-02-14 08:09:22</start_ts>
<end_ts>2019-01-22 01:41:09</end_ts>
<geo_cd>AU</geo_cd>
<station_id>ST400</station_id>
<song_end_type>0</song_end_type>
<like>1</like>
<dislike>0</dislike>
</record>
<record>
<user_id>USR114</user_id>
<song_id>SNG206</song_id>
<artist_id>ART305</artist_id>
<timestamp>2019-03-20 15:54:22</timestamp>
<start_ts>2019-02-14 08:09:22</start_ts>
<end_ts>2019-03-26 12:29:22</end_ts>
<geo_cd>U</geo_cd>
<station_id>ST408</station_id>
<song_end_type>0</song_end_type>
<like>1</like>
<dislike>0</dislike>
</record>
<record>
<user_id>USR116</user_id>
<song_id>SNG208</song_id>
<artist_id>ART304</artist_id>
<timestamp>2019-03-17 10:38:09</timestamp>
<start_ts>2019-06-09 22:12:36</start_ts>
<end_ts>2019-01-22 01:41:09</end_ts>
<geo_cd>AU</geo_cd>
<station_id>ST404</station_id>
<song_end_type>3</song_end_type>
<like>1</like>
<dislike>0</dislike>
</record>
<record>
<user_id>USR113</user_id>
<song_id>SNG209</song_id>
<artist_id>ART302</artist_id>
<timestamp>2019-03-20 15:54:22</timestamp>
<start_ts>2019-01-22 01:38:09</start_ts>
<end_ts>2019-01-22 01:41:09</end_ts>
<geo_cd>E</geo_cd>
<station_id>ST408</station_id>
<song_end_type>2</song_end_type>
<like>0</like>
<dislike>1</dislike>
</record>
<record>
<user_id>USR105</user_id>
<song_id>SNG207</song_id>
<artist_id>ART300</artist_id>
<timestamp>2019-03-17 10:38:09</timestamp>
<start_ts>2019-06-09 22:12:36</start_ts>
<end_ts>2019-01-22 01:41:09</end_ts>
<geo_cd>AU</geo_cd>
<station_id>ST413</station_id>
<song_end_type>0</song_end_type>
<like>0</like>
<dislike>0</dislike>
</record>
<record>
<user_id></user_id>
<song_id>SNG201</song_id>
<artist_id>ART304</artist_id>
<timestamp>2019-03-17 10:38:09</timestamp>
<start_ts>2019-02-14 08:09:22</start_ts>
<end_ts>2019-06-09 22:17:36</end_ts>
<geo_cd>E</geo_cd>
<station_id>ST410</station_id>
<song_end_type>2</song_end_type>
<like>1</like>
<dislike>0</dislike>
</record>
<record>
<user_id>USR120</user_id>
<song_id>SNG207</song_id>
<artist_id>ART302</artist_id>
<timestamp>2019-01-20 18:10:38</timestamp>
<start_ts>2019-03-26 12:24:22</start_ts>
<end_ts>2019-01-22 01:41:09</end_ts>
<geo_cd>AU</geo_cd>
<station_id>ST400</station_id>
<song_end_type>3</song_end_type>
<like>1</like>
<dislike>0</dislike>
</record>
<record>
<user_id>USR104</user_id>
<song_id>SNG202</song_id>
<artist_id>ART300</artist_id>
<timestamp>2019-01-20 18:10:38</timestamp>
<start_ts>2019-02-14 08:09:22</start_ts>
<end_ts>2019-02-14 08:12:22</end_ts>
<geo_cd>AP</geo_cd>
<station_id>ST409</station_id>
<song_end_type>3</song_end_type>
<like>1</like>
<dislike>0</dislike>
</record>
<record>
<user_id>USR115</user_id>
<song_id>SNG204</song_id>
<artist_id>ART301</artist_id>
<timestamp>2019-03-20 15:54:22</timestamp>
<start_ts>2019-06-09 22:12:36</start_ts>
<end_ts>2019-02-14 08:12:22</end_ts>
<geo_cd></geo_cd>
<station_id>ST402</station_id>
<song_end_type>2</song_end_type>
<like>0</like>
<dislike>0</dislike>
</record>
<record>
<user_id>USR116</user_id>
<song_id>SNG204</song_id>
<artist_id></artist_id>
<timestamp>2019-03-20 15:54:22</timestamp>
<start_ts>2019-03-26 12:24:22</start_ts>
<end_ts>2019-01-22 01:41:09</end_ts>
<geo_cd>AU</geo_cd>
<station_id>ST401</station_id>
<song_end_type>2</song_end_type>
<like>1</like>
<dislike>0</dislike>
</record>
<record>
<user_id>USR105</user_id>
<song_id>SNG200</song_id>
<artist_id>ART305</artist_id>
<timestamp>2019-03-17 10:38:09</timestamp>
<start_ts>2019-01-22 01:38:09</start_ts>
<end_ts>2019-01-22 01:41:09</end_ts>
<geo_cd>AP</geo_cd>
<station_id>ST404</station_id>
<song_end_type>2</song_end_type>
<like>1</like>
<dislike>0</dislike>
</record>
<record>
<user_id>USR116</user_id>
<song_id>SNG202</song_id>
<artist_id>ART301</artist_id>
<timestamp>2019-03-17 10:38:09</timestamp>
<start_ts>2019-06-09 22:12:36</start_ts>
<end_ts>2019-03-26 12:29:22</end_ts>
<geo_cd>A</geo_cd>
<station_id>ST407</station_id>
<song_end_type>2</song_end_type>
<like>0</like>
<dislike>0</dislike>
</record>
<record>
<user_id>USR107</user_id>
<song_id>SNG209</song_id>
<artist_id>ART303</artist_id>
<timestamp>2018-12-31 08:09:22</timestamp>
<start_ts>2019-03-26 12:24:22</start_ts>
<end_ts>2019-01-22 01:41:09</end_ts>
<geo_cd>A</geo_cd>
<station_id>ST406</station_id>
<song_end_type>1</song_end_type>
<like>0</like>
<dislike>0</dislike>
</record>
<record>
<user_id>USR103</user_id>
<song_id>SNG202</song_id>
<artist_id>ART304</artist_id>
<timestamp>2019-01-20 18:10:38</timestamp>
<start_ts>2019-03-26 12:24:22</start_ts>
<end_ts>2019-06-09 22:17:36</end_ts>
<geo_cd>A</geo_cd>
<station_id>ST400</station_id>
<song_end_type>1</song_end_type>
<like>0</like>
<dislike>1</dislike>
</record>
<record>
<user_id>USR104</user_id>
<song_id>SNG200</song_id>
<artist_id>ART305</artist_id>
<timestamp>2019-03-20 15:54:22</timestamp>
<start_ts>2019-06-09 22:12:36</start_ts>
<end_ts>2019-06-09 22:17:36</end_ts>
<geo_cd>A</geo_cd>
<station_id>ST407</station_id>
<song_end_type>1</song_end_type>
<like>1</like>
<dislike>1</dislike>
</record>
<record>
<user_id>USR119</user_id>
<song_id>SNG202</song_id>
<artist_id>ART304</artist_id>
<timestamp>2019-03-17 10:38:09</timestamp>
<start_ts>2019-02-14 08:09:22</start_ts>
<end_ts>2019-06-09 22:17:36</end_ts>
<geo_cd>AU</geo_cd>
<station_id>ST404</station_id>
<song_end_type>0</song_end_type>
<like>0</like>
<dislike>0</dislike>
</record>
<record>
<user_id>USR111</user_id>
<song_id>SNG209</song_id>
<artist_id>ART302</artist_id>
<timestamp>2019-03-20 15:54:22</timestamp>
<start_ts>2019-01-22 01:38:09</start_ts>
<end_ts>2019-01-22 01:41:09</end_ts>
<geo_cd>AU</geo_cd>
<station_id>ST402</station_id>
<song_end_type>1</song_end_type>
<like>1</like>
<dislike>0</dislike>
</record>
<record>
<user_id>USR102</user_id>
<song_id>SNG200</song_id>
<artist_id>ART300</artist_id>
<timestamp>2018-12-31 08:09:22</timestamp>
<start_ts>2019-02-14 08:09:22</start_ts>
<end_ts>2019-01-22 01:41:09</end_ts>
<geo_cd>A</geo_cd>
<station_id>ST412</station_id>
<song_end_type>2</song_end_type>
<like>0</like>
<dislike>0</dislike>
</record>
<record>
<user_id>USR100</user_id>
<song_id>SNG209</song_id>
<artist_id>ART305</artist_id>
<timestamp>2019-03-20 15:54:22</timestamp>
<start_ts>2019-01-22 01:38:09</start_ts>
<end_ts>2019-02-14 08:12:22</end_ts>
<geo_cd>U</geo_cd>
<station_id>ST409</station_id>
<song_end_type>3</song_end_type>
<like>0</like>
<dislike>0</dislike>
</record>
<record>
<user_id>USR103</user_id>
<song_id>SNG204</song_id>
<artist_id>ART304</artist_id>
<timestamp>2018-12-31 08:09:22</timestamp>
<start_ts>2019-02-14 08:09:22</start_ts>
<end_ts>2019-03-26 12:29:22</end_ts>
<geo_cd>AP</geo_cd>
<station_id>ST415</station_id>
<song_end_type>1</song_end_type>
<like>0</like>
<dislike>1</dislike>
</record>
</records>